{
  "max_softmax": {
    "auroc": 0.912657625,
    "fpr_at_95tpr": 0.5405,
    "aupr": 0.929083210532806,
    "threshold_95tpr": 0.5279821753501892
  },
  "entropy": {
    "auroc": 0.9159410000000001,
    "fpr_at_95tpr": 0.5105,
    "aupr": 0.9305309340306238,
    "threshold_95tpr": -1.49350106716156
  },
  "energy": {
    "auroc": 0.9014692499999999,
    "fpr_at_95tpr": 0.6355,
    "aupr": 0.9208119459946758,
    "threshold_95tpr": 7.1902384757995605
  },
  "odin": {
    "auroc": 0.913966625,
    "fpr_at_95tpr": 0.5395,
    "aupr": 0.9279978773175905,
    "threshold_95tpr": 0.013256990350782871
  },
  "mahalanobis": {
    "auroc": 0.7645382499999999,
    "fpr_at_95tpr": 0.765,
    "aupr": 0.7429639320173457,
    "threshold_95tpr": -41.600440979003906
  }
}